,id,system_prompt,question,response
0,niv.242684,,"You will be given a definition of a task first, then some input of the task.
This task is about using the specified sentence and converting the sentence to Resource Description Framework (RDF) triplets of the form (subject, predicate object). The RDF triplets generated must be such that the triplets accurately capture the structure and semantics of the input sentence. The input is a sentence and the output is a list of triplets of the form [subject, predicate, object] that capture the relationships present in the sentence. When a sentence has more than 1 RDF triplet possible, the output must contain all of them.

AFC Ajax (amateurs)'s ground is Sportpark De Toekomst where Ajax Youth Academy also play.
Output:","[
  (""AFC Ajax (amateurs)"", ""has ground"", ""Sportpark De Toekomst""),
  (""Sportpark De Toekomst"", ""is where"", ""Ajax Youth Academy play"")
]"
1,flan.564327,You are an AI assistant. You will be given a task. You must generate a detailed and long answer.,Generate an approximately fifteen-word sentence that describes all this data: Midsummer House eatType restaurant; Midsummer House food Chinese; Midsummer House priceRange moderate; Midsummer House customer rating 3 out of 5; Midsummer House near All Bar One,Midsummer House is a moderate-priced restaurant near All Bar One that offers Chinese cuisine with a customer rating of 3 out of 5.
2,flan.1875913,"You are a helpful assistant, who always provide explanation. Think like you are answering to a five year old.","What happens next in this paragraph?

She then rubs a needle on a cotton ball then pushing it onto a pencil and wrapping thread around it. She then holds up a box of a product and then pouring several liquids into a bowl. she
Choose your answer from: A. adds saucepan and shakes up the product in a grinder. B. pinches the thread to style a cigarette, and then walks away. C. then dips the needle in ink and using the pencil to draw a design on her leg, rubbing it off with a rag in the end. D. begins to style her hair and cuts it several times before parting the ends of it to show the hairstyle she has created.","C. then dips the needle in ink and using the pencil to draw a design on her leg, rubbing it off with a rag in the end."
3,t0.408370,You are an AI assistant. You will be given a task. You must generate a detailed and long answer.,"Please answer the following question: I want to test the ability of students to read a passage and answer questions about it. Could you please come up with a good question for the passage ""In 1901, the Federation of Australia was the process by which the six separate British self-governing colonies of New South Wales, Queensland, South Australia, Tasmania, Victoria and Western Australia formed one nation. They kept the systems of government that they had developed as separate colonies but also would have a federal government that was responsible for matters concerning the whole nation. When the Constitution of Australia came into force, the colonies collectively became states of the Commonwealth of Australia.""?
Answer:","Certainly! Here's a good question for the passage:
""What was the purpose of the Federation of Australia in 1901?""
The answer to this question can be found in the passage. It states that the Federation of Australia was the process by which the"
4,cot.86217,You are an AI assistant that helps people find information.,"James runs a TV show and there are 5 main characters and 4 minor characters. He pays the minor characters $15,000 each episode. He paid the major characters three times as much. How much does he pay per episode? Let's be accurate as possible.","To calculate the total amount James pays per episode, we first need to find out how much he pays each of the major characters. As mentioned, the minor characters are paid $15,000 each episode. Therefore, the major characters are paid 3"
